job_id,title,location,salary_range,company_profile,description,requirements,benefits,telecommuting,has_company_logo,has_questions,employment_type,required_experience,required_education,industry,department,function,fraudulent
17880,Massage Therapist,"US, CO, denver ",,Data entry Company Director Internship Associate Some College Entry level Coursework Completed General Business Transportation/Trucking/Railroad Public Safety Profile: Finance,Executive Contract Sales/Engineering High School Design & Development Direct Care Mid-Senior level Associate Broadcast Media Degree Team Quality Assurance or equivalent Not Applicable Internship Some High School Coursework Job Unspecified Art/Creative Management Team Other Internship Not Associate Applicable Vocational Description: Doctorate Internship Internship Accounting/Auditing Education Master's Degree Some Part-time College Internship Coursework Master's Degree Nanotechnology Temporary Supply Chain Completed High School or equivalent Some College Temporary Coursework Completed Program Development Some High Translation and Localization Technical Professional Mid-Senior level Internship School or Program equivalent Dry Design Maritime Part-time Processing Some Sporting Goods High School Financial Analyst Part-time Financial Analyst Insurance Product Management Media Production Coursework Law Enforcement Computer Software Industrial Chemicals Doctorate Automation Associate COMMERCIAL Semiconductors COLLECTIONS Engineering Degree High School Coursework .net Some College Coursework Business Public Relations Customer Service Analyst Some College Not Applicable Coursework Completed High School or equivalent Associate Degree Other Completed Vocational - Degree Bachelor's Product Management Degree Part-time Human Resources Development Marketing Contract Not Applicable Full-time Full-time Art/Creative Vocational Internship - Consulting Server Marketing and Advertising HS Diploma S&M Executive Training Associate Textiles Utilities Other,Options Some College Coursework Completed Publishing Away Certification Requirements: Shipping Market Research High School or Full-time equivalent Accounting/Auditing Research Vocational - Vocational - Director Mid-Senior level Digital Higher Education and Executive Brand Practice HS Diploma Executive Degree Temporary kitchen,Analyst Hospital & Industrial Automation Health Computer Games Solution Test Master's Degree Full-time Utilities Care Benefits: Full-time High School or equivalent,0,1,1,Full-time,Entry level,Some College Coursework Completed,Venture Capital & Private Equity,LEEDS,Distribution,0
17881,Full-stack JavaScript Software Developer,"IN, , Bangalore",,Education Engineering PSG Full-time Quality Music Assurance Associate Degree Bachelor's Degree Company Online Media Accounting/Auditing Profile:,Management Job Education Information Technology Description: Business Contract Supplies and Equipment Hampton Inn University Contract Director Blippbuilder Internship Area Temporary Network Operations Wholesale Art/Creative Education Product Management Center Manufacturing HVAC Advertising Consumer Plastics Electronics Professional Security and Entry level Entry level Investigations NYC Part-time Full-time Associate Mining & Lending Contract Certification Bachelor's Entry level Statistics Master's Degree Unspecified Director Temporary Fund-Raising Nanotechnology Venture Capital & Private Equity Programs Automotive Sales and Business Contract Development Gambling & Casinos Strategy/Planning Mid-Senior Engineering level Degree Temporary Advisory Other Full-time Director Other Professional Contract Associate Degree Entry level Not Vocational Impact Unspecified Temporary - HS Diploma Philanthropy Applicable Certification Temporary Outbound High School or equivalent Sales Some High School Coursework Sales Writing/Editing Farming Master's Design Degree Sales Metals Vocational Advertising Secretary / Support Not Applicable Marketing Quality Other Assurance team Internship Full-time Project Automotive Management Management Packaging Entry Temporary Entry level level and Containers Internship Part-time Vocational Internship Doctorate Certification,Part-time Media Professional Executive Production Customer Design Service Requirements: Health Care Provider High Marketing School Health Nursing Maritime Distribution Student Financial Services Care Provider or Temporary Information Technology biotech Market Professional Research Graphic Design equivalent,Some High Full-time Director School Coursework Benefits: Business Analyst Other Unspecified Catering PRODUCT Part-time Photography,0,0,0,Other,Entry level,Vocational - Degree,Individual & Family Services,B2B,Finance,0
17882,Drupal Developer - Remote - USA Only,"US, MA, Westborough",,Certification Not High School or equivalent Applicable Company Director Certification Master's Degree Profile: Entry level Philanthropy Data Analyst Associate,Mid-Senior level High Temporary Part-time School or equivalent Ad Sales Health Quality Assurance Part-time Care Provider Strategy/Planning Other Mechanical or Doctorate Industrial Engineering Associate Executive Part-time Business Supplies and Equipment Aviation & Aerospace Legal Services Internet Job Director Full-time High Internship Customer Service Computer Director Networking School Director Purchasing or equivalent Commercial Consumer Goods Professional Real Estate Some Mid-Senior level Certification College Coursework Completed People & Culture Gambling & ACES Casinos Mid-Senior level Internship Full-time Description: Temporary General Business Part-time Insurance Quality Media LABS Production High School or equivalent Management Internship Publishing Mid-Senior Engineering level Human Resources Internal Telecommunications High School or equivalent Other Director Audit Vocational - Styling Other Executive User Contract Master's Degree Experience HS Diploma & Recruiting High Education Associate Entry Product Team Other Temporary Human Resources Some High School Wilton EMS Coursework level Some High School Coursework Contract School Bachelor's Degree Financial New Product Development Director Analyst or equivalent Strategy/Planning Engineering team Gambling Temporary Some Health Financial Services Care Provider Not Applicable High School Capital Markets Coursework Full-time Doctorate & Full-time Contract Temporary Sales Director Contract Data Analyst Casinos,Computer Software Training Consumer Goods Quality Assurance Internship Entry level Cosmetics Contract Education Full-time Requirements: Wine and Executive Other Shipbuilding Contract Startup Training Contract Institute Boston Spirits Internship Executive,Certification Management Team Director Benefits: Engineering Mid-Senior level Wholesale Education Management Contract Renewables & Environment Retail,1,1,0,Contract,Internship,Vocational,Libraries,Estimating,Strategy/Planning,0
17883,Software Development Engineer,"US, NJ, Jersey City",,"Distribution Fabrication Company Profile: Contract Not Health, Wellness and Fitness Engineering Pakistan Applicable Other Manufacturing Business Finance Developmment",SMRA Training Maritime Part-time Temporary Mining & Temporary Metals Administrative Some College Not Applicable Coursework Associate Degree Business Analyst Part-time Part-time General Business IW Temporary Completed Entry level Consumer Libraries Goods Home Associate Sales department Degree Health Purchasing Mental Contract Manufacturing Bachelor's Degree Broadcast Media Engineering Executive Field Eng Graphics/Production Bachelor's Degree Program Wright Temporary Satellite Connections Development Health High School Finance or equivalent Supply Mid-Senior level Chain Care Entry Internship Certification Mid-Senior level level Telecommunications Science Other Media Production Estimating Temporary Farming Cocolife Asset Management Quality Assurance Part-time Job Packaging and Containers Line-Up Management SW DEV Internship Some Internal Some High School Coursework Internship Sales Marketing Marketing & Other Design Audit Associate Business Supplies and Director Temporary Science Equipment Contract Project Management College Executive Vocational Part-time Contract Aviation & Not Applicable Certification Aerospace Certification Coursework Entry Mid-Senior level Associate Alternative Dispute Resolution Business Director Executive Analyst Professional level Completed Description: Executive Vocational - Degree Internship Entry level Vocational - Training Degree Research Part-time Transportation/Trucking/Railroad,Associate PLANNING AND GENERAL AFFAIRS Legal Requirements: Full-time Quality Assurance Industrial Automation Production Part-time Sutter Medical Group Business Mining & Metals Computer Production Legal Other Services / Bachelor's Degree Software Supplies Executive Temporary and Development Equipment Vocational,Entry level High Environmental Services Internship Financial Analyst Administrative School or equivalent Mid-Senior level Vocational - Degree Biotechnology Benefits: Advertising,1,0,0,Contract,Director,Certification,Pharmaceuticals,AFSSA,General Business,0
17884,Information Technology Technician,"GB, , Bury St Edmunds",,Part-time Content Programming Other Company Internship Internship Hospitality Unspecified Director Profile: Professional Strategy/Planning,Job Data Analyst Meanwood Director Associate Banking Writing/Editing Not Applicable TECH Airlines/Aviation Temporary Temporary Executive Some College Coursework Completed Part-time Executive Mid-Senior level Recon GL Accounting SECURITY Purchasing Distribution Master's Entry level Advertising Degree Computer Part-time Software Director Mid-Senior level Market Research Alternative Dispute Financial Analyst Full-time Research Purchasing Production DA Other Temporary Resolution Full-time Description: Associate Vocational Public Relations and Communications - Vocational Vocational - Degree HS Diploma Entry Temporary level Degree Other Building Computer Hardware Materials Manufacturing Quality IT Support Assurance Individual & Family Services Temporary General Business Sales Public Policy Food Production Master's Degree Master's Degree / Operations Not Leaf Unspecified Technologies Internship Package/Freight Associate Not Strategy/Planning Applicable Degree High Performing Arts School or Voxburner Temporary Human Resources Art/Creative Full-time Bespoke Research equivalent Delivery Contract Security Unspecified and Investigations Applicable Education Education Health Care Provider Associate Furniture Degree Food & Accounting/Auditing Beverages Associate Other Wireless Other Accounting/Auditing Entertainment Project Associate Entry Doctorate EC level Bachelor's Degree Management Director Other Not DA Applicable,Internship Other Business Contract Tech Marketing - Network Temporary Development Part-time Tier Food Production 1 Part-time Technical Computer Hardware Support Requirements: kitchen Some Contract Entry level Food & Beverages High School Religious Institutions Bachelor's Degree Coursework Purchasing,Insurance Benefits: Mid-Senior level SALES The Full-time Customer Medical Devices Contract Service Eleven Engineering Full-time,0,1,0,Other,Mid-Senior level,Vocational - HS Diploma,Publishing,Sales - DE,Public Relations,0
17885,"Brand Ambassador - Marketing, Advertising and PR","US, NY, Watertown",,High School Engineering Art/Creative or equivalent Company Part-time 20131101 Unspecified Startup Temporary Institute Military Project Management Boston Profile:,Master's Public Relations Computer Software Degree Vocational - Training Degree Healthcare Doctorate Business Supplies and Equipment Customer Service Art Executive Studio (Acute) Mid-Senior level Sporting Writing and Editing Civic & Social Organization Goods Associate Director Electrical/Electronic Associate Administrator Manufacturing Financial Entry level Professional Other Master's Purchasing Degree Full-time Translation and Localization Contract Not Applicable Associate Degree Bachelor's Anti-Virus Software Degree Entry E-Learning Full-time Cloud Reliability Other Engineering team Executive Full-time design level Real Master's Part-time Not Other Full-time Advertising Applicable Degree Factory Unspecified Master's Degree Real Not Applicable Estate Lending Certification Some Internship High Education Management School or equivalent Bachelor's Customer Service Supply Chain Degree High School Semiconductors Engineering Coursework Insurance Mid-Senior level Internet Internship Insurance Internship Estate Director Analyst Science Certification Vocational TD Contract Job Distribution Other Description: ΕΜΠΟΡΙΚΟ Maintenance Other Sporting Contract Not Applicable Goods Consumer Full-time Education Mid-Senior level Part-time Music Mental Health Care Goods Server Operations Consulting Administrative Chemicals SOC Full-time Other Core Business Analyst Customer Service Team,Legal Services Research All Companies Not Applicable Some High School Coursework Associate Part-time Gambling Dubai & Doctorate Casinos Maritime Executive Requirements: Hospitality Doctorate Some Contract High Mid-Senior Kahoots level School Coursework Certification Master's Degree,Benefits: Vocational GM Contract Entry level Public Studio IT Other services Relations Vocational Facilities Services Part-time,0,1,0,Full-time,Director,Associate Degree,Photography,Financial Dept,Legal,0
17886,Business Process Manager / Process Designer,"GB, WSM, London",,Company Vendor Relations Profile: Gambling RD Mid-Senior level & Casinos Packaging/Publishing Bachelor's Degree Sales - USA Full-time Production Temporary,Department Some College Coursework Completed Entry level Purchasing Some Health Care Provider High School BigTime Biotechnology Software Field Services design Coursework Temporary Accounting/Auditing High School or Bachelor's Degree Entry level equivalent Coaching Human Director Branch Full-time Business Analyst Sales and Support Vocational Mid-Senior Venture HQ Museums and Institutions Capital & Contract Temporary Temporary Legal Private Relay Equity level Services Sales-International Purchasing Full-time Vocational Other Executive Training Full-time Not Applicable Resources Vocational Contract Publishing Vocational Legal Other Data Analyst Facilities Services Internship Not Director Applicable Product Management Engineering Performing Veterinary Associate Photography Temporary Associate Motion Corporate Administration Civic Part-time & Photography Executive Social Alternative Dispute Resolution Engineering Organization Contract Logistics and Supply Chain Internship EXSD Hospital & Health Care Mental Other Health Care Pictures Vocational Temporary - HS Diploma and Consumer Part-time Distribution Services Part-time Market Research Other Sales/biz dev. Film Professional Other Civil Engineering Arts 30517 Certification Job Executive Part-time Vocational Medical Practice Sports Description: Not Distribution H3rt Law Practice Applicable Accounting/Auditing Full-time,Director Finance Risk & Asset Management Outsourcing/Offshoring Mid-Senior HVAC level Mining & Metals Entertainment Bachelor's Strategy/Planning Sales Architecture & Production Planning Full-time Wholesale Degree Doctorate Clinical Manufacturing Executive Not Applicable Requirements: Unspecified,Sports Dental field R&D Business Development Benefits: Strategy/Planning Graphic Design Banking Part-time Mid-Senior Vocational level,0,1,0,Other,Executive,Associate Degree,Animation,Refined Resources,Accounting/Auditing,0
17887,Press Operator,"GB, MLN, Edinburgh ",,Associate CSL Associate Project Management Degree Vocational Education - Internship Degree Executive Degree Company Profile: Civic & Social Organization Manufacturing,"Temporary Doctorate Unspecified Cosmetics Purchasing Associate Nonprofit Organization Management Temporary Certification Automotive Primary/Secondary Executive Associate Degree Sports Building Associate Insight Materials Education Development Science Web Marketing και Social Sensor Director StartupTAP Associate Degree Some Director administration College Coursework Strategy/Planning Bachelor's Degree Professional Completed Administrative Director Vocational Systems Director Science Program Internship Gambling Mid-Senior level Quality Assurance Opearations Associate Degree Vocational Computer Software & Casinos High School or equivalent Holiday Inn Raleigh-Cary, NC Development Research Part-time Job Some College Coursework Completed Investment Management Startup Institute New York Master's Full-time Product Training Full-time AFSHAR Management Mid-Senior Associate level Degree Business Development Education Part-time Contract Restaurants Director Part-time Temporary Not Capital Markets Applicable Description: Bachelor's Finance Master's Degree Financial Defense & Space OT Analyst Degree Vocational - Bachelor's Degree HS Diploma Facilities Services Product Warehousing Management Technical Bachelor's Degree Operations Full-time Financial Part-time Office of Professional the Program Certification Manager Power Plant & Energy Connectivity Analyst Gambling & Information 130 - Nutritional Yeast Packaging Technology Contract Vocational Mid-Senior Entry level level Doctorate Temporary Internship Casinos",Distribution Requirements: Some Entry level Engineering team Vocational Director Writing/Editing Expert Some High School Coursework Services People Vocational - HS Diploma Temporary Management Entry level Investment Banking Internship Operations Full-time High School Temporary Part-time Customer Service Coursework,Not Temporary VoIP Delivery Applicable Biotechnology Product & Design Entry level Benefits: Financial Services Contract Not Applicable,0,0,1,Temporary,Internship,Professional,Mining & Metals,Servicing-Customer Care,Legal,0
17888,OFFER Part Time Positions (Cash In Hand),"GB, DBY, chesterfield",,Head Office Company Temporary Research Not Applicable Vocational Shipbuilding Supply Chain Unspecified Profile: Other Associate,Vocational Mid-Senior Package/Freight Part-time Art/Creative Delivery Shipbuilding level Contract Full-time Vocational Mid-Senior level Airlines/Aviation - HS Diploma Medical Full-time Advertising Practice Public Relations Part-time Temporary and Communications Part-time Transportation/Trucking/Railroad Strategy/Planning Edelman EC Datastage Main Management Consulting Unspecified Building Materials Marketing Performing Business Analyst Arts Professional Software Products Director Squiz - Writing/Editing Business Analyst Financial Finance Services Master's Degree Other Writing/Editing Professional Temporary Training Certification Delivery Other Job Graphics & Video .NET Farming Associate Mid-Senior level Information Director Technology Editing Project Investment Management Director Quality Assurance Internship FILES DRIVER AFS18 Management Associate Science General Business Law Enforcement Customer Service Description: Law Temporary Museums Other Information Design Team Entry Entry level Professional Manufacturing Entry level Bachelor's Degree level Director Temporary Some Some College Coursework Temporary Completed High School Entry Public Policy level Coursework Technology and Information Services Services and Institutions Machinery Information Full-time Technology Associate Healthcare (Acute) Supply Renewables & Master's Degree Environment Chain Master's Degree Executive Graphic Design Facilities Services High School or equivalent Unity Developer Full-time Degree Enforcement,Requirements: Consumer Unspecified Some High Full-time Content Information Some College Coursework Completed Technology - Internet / E-Commerce Cosmetics Writing/Editing School Associate Coursework Telecommunications Electronics Professional body Piercing  Management Mid-Senior Writing/Editing Writing level Not Some College Coursework Completed Other Applicable,Benefits: Internship Director Full-time Public Project Associate Management Director Master's OptionsAway Degree Relations Full-time,0,0,1,Part-time,Associate,Bachelor's Degree,Online Media,Education,Purchasing,0
17889,Product Manager for Hotel Cloud Software,"GR, I, Ilion",,Performing Arts Accounting/Auditing Professional Distribution Temporary Company Design Contract Data Analyst Aviation & Aerospace Associate Profile:,Entry Contract Associate Degree Business Temporary Analyst Director level Apparel Entry level IT Solution & Other Bachelor's LABS Insurance Degree Sales Purchasing IT Applications Contract Directorate Military Power Plant & Energy / Marketing Full-time Fashion Photography customer Internship service Certification Engineering Part-time App Education Dev Vocational - Master's Degree HS Business Other Supplies and Package/Freight Delivery Equipment AML Diploma Job Public Policy Internship Description: International Engineering Content Other Part-time Security and Investigations Entry level ID Other Content Temporary Other Associate Chemicals Production Product Not Applicable Management Trade Bachelor's ACT Degree Entry level Vocational Full-time Not Outsourcing/Offshoring Contract Alternative Dispute Resolution Temporary Other Applicable Financial Analyst Contract TECH Other Sensor Systems Administrative Ranching Associate Degree Packaging and Vocational Program Development Contract - Science MIS Doctorate Full-time HS Diploma High Internship Architecture & Planning School Director or equivalent Containers Other and Development Legal Public Relations Services Healthcare PET Sporting Director Temporary Renewables Animation VLinks Media & Environment Public Relations SportsLock Science Vocational - Degree Engineering Writing/Editing Goods,Requirements: Entry level Events Some College Vocational - Degree Coursework Completed Some College Coursework Completed .NET Other Full-time Part-time Doctorate Vocational - Degree Computer Mechanical or Industrial Marketing Engineering Games Contract Temporary Music Part-time Unspecified Executive Services,Sporting Goods Staffing Entry level Associate Degree Temporary and Recruiting Executive Part-time Doctorate Contract Benefits: Vocational,1,1,1,Full-time,Director,Associate Degree,Maritime,Early Head Start,Product Management,0
17890,Massage Therapist,"US, CO, denver ",,Data entry Company Director Internship Associate Some College Entry level Coursework Completed General Business Transportation/Trucking/Railroad Public Safety Profile: Finance,Executive Contract Sales/Engineering High School Design & Development Direct Care Mid-Senior level Associate Broadcast Media Degree Team Quality Assurance or equivalent Not Applicable Internship Some High School Coursework Job Unspecified Art/Creative Management Team Other Internship Not Associate Applicable Vocational Description: Doctorate Internship Internship Accounting/Auditing Education Master's Degree Some Part-time College Internship Coursework Master's Degree Nanotechnology Temporary Supply Chain Completed High School or equivalent Some College Temporary Coursework Completed Program Development Some High Translation and Localization Technical Professional Mid-Senior level Internship School or Program equivalent Dry Design Maritime Part-time Processing Some Sporting Goods High School Financial Analyst Part-time Financial Analyst Insurance Product Management Media Production Coursework Law Enforcement Computer Software Industrial Chemicals Doctorate Automation Associate COMMERCIAL Semiconductors COLLECTIONS Engineering Degree High School Coursework .net Some College Coursework Business Public Relations Customer Service Analyst Some College Not Applicable Coursework Completed High School or equivalent Associate Degree Other Completed Vocational - Degree Bachelor's Product Management Degree Part-time Human Resources Development Marketing Contract Not Applicable Full-time Full-time Art/Creative Vocational Internship - Consulting Server Marketing and Advertising HS Diploma S&M Executive Training Associate Textiles Utilities Other,Options Some College Coursework Completed Publishing Away Certification Requirements: Shipping Market Research High School or Full-time equivalent Accounting/Auditing Research Vocational - Vocational - Director Mid-Senior level Digital Higher Education and Executive Brand Practice HS Diploma Executive Degree Temporary kitchen,Analyst Hospital & Industrial Automation Health Computer Games Solution Test Master's Degree Full-time Utilities Care Benefits: Full-time High School or equivalent,0,1,1,Full-time,Entry level,Some College Coursework Completed,Venture Capital & Private Equity,LEEDS,Distribution,0
17891,Full-stack JavaScript Software Developer,"IN, , Bangalore",,Education Engineering PSG Full-time Quality Music Assurance Associate Degree Bachelor's Degree Company Online Media Accounting/Auditing Profile:,Management Job Education Information Technology Description: Business Contract Supplies and Equipment Hampton Inn University Contract Director Blippbuilder Internship Area Temporary Network Operations Wholesale Art/Creative Education Product Management Center Manufacturing HVAC Advertising Consumer Plastics Electronics Professional Security and Entry level Entry level Investigations NYC Part-time Full-time Associate Mining & Lending Contract Certification Bachelor's Entry level Statistics Master's Degree Unspecified Director Temporary Fund-Raising Nanotechnology Venture Capital & Private Equity Programs Automotive Sales and Business Contract Development Gambling & Casinos Strategy/Planning Mid-Senior Engineering level Degree Temporary Advisory Other Full-time Director Other Professional Contract Associate Degree Entry level Not Vocational Impact Unspecified Temporary - HS Diploma Philanthropy Applicable Certification Temporary Outbound High School or equivalent Sales Some High School Coursework Sales Writing/Editing Farming Master's Design Degree Sales Metals Vocational Advertising Secretary / Support Not Applicable Marketing Quality Other Assurance team Internship Full-time Project Automotive Management Management Packaging Entry Temporary Entry level level and Containers Internship Part-time Vocational Internship Doctorate Certification,Part-time Media Professional Executive Production Customer Design Service Requirements: Health Care Provider High Marketing School Health Nursing Maritime Distribution Student Financial Services Care Provider or Temporary Information Technology biotech Market Professional Research Graphic Design equivalent,Some High Full-time Director School Coursework Benefits: Business Analyst Other Unspecified Catering PRODUCT Part-time Photography,0,0,0,Other,Entry level,Vocational - Degree,Individual & Family Services,B2B,Finance,0
17892,Drupal Developer - Remote - USA Only,"US, MA, Westborough",,Certification Not High School or equivalent Applicable Company Director Certification Master's Degree Profile: Entry level Philanthropy Data Analyst Associate,Mid-Senior level High Temporary Part-time School or equivalent Ad Sales Health Quality Assurance Part-time Care Provider Strategy/Planning Other Mechanical or Doctorate Industrial Engineering Associate Executive Part-time Business Supplies and Equipment Aviation & Aerospace Legal Services Internet Job Director Full-time High Internship Customer Service Computer Director Networking School Director Purchasing or equivalent Commercial Consumer Goods Professional Real Estate Some Mid-Senior level Certification College Coursework Completed People & Culture Gambling & ACES Casinos Mid-Senior level Internship Full-time Description: Temporary General Business Part-time Insurance Quality Media LABS Production High School or equivalent Management Internship Publishing Mid-Senior Engineering level Human Resources Internal Telecommunications High School or equivalent Other Director Audit Vocational - Styling Other Executive User Contract Master's Degree Experience HS Diploma & Recruiting High Education Associate Entry Product Team Other Temporary Human Resources Some High School Wilton EMS Coursework level Some High School Coursework Contract School Bachelor's Degree Financial New Product Development Director Analyst or equivalent Strategy/Planning Engineering team Gambling Temporary Some Health Financial Services Care Provider Not Applicable High School Capital Markets Coursework Full-time Doctorate & Full-time Contract Temporary Sales Director Contract Data Analyst Casinos,Computer Software Training Consumer Goods Quality Assurance Internship Entry level Cosmetics Contract Education Full-time Requirements: Wine and Executive Other Shipbuilding Contract Startup Training Contract Institute Boston Spirits Internship Executive,Certification Management Team Director Benefits: Engineering Mid-Senior level Wholesale Education Management Contract Renewables & Environment Retail,1,1,0,Contract,Internship,Vocational,Libraries,Estimating,Strategy/Planning,0
17893,Software Development Engineer,"US, NJ, Jersey City",,"Distribution Fabrication Company Profile: Contract Not Health, Wellness and Fitness Engineering Pakistan Applicable Other Manufacturing Business Finance Developmment",SMRA Training Maritime Part-time Temporary Mining & Temporary Metals Administrative Some College Not Applicable Coursework Associate Degree Business Analyst Part-time Part-time General Business IW Temporary Completed Entry level Consumer Libraries Goods Home Associate Sales department Degree Health Purchasing Mental Contract Manufacturing Bachelor's Degree Broadcast Media Engineering Executive Field Eng Graphics/Production Bachelor's Degree Program Wright Temporary Satellite Connections Development Health High School Finance or equivalent Supply Mid-Senior level Chain Care Entry Internship Certification Mid-Senior level level Telecommunications Science Other Media Production Estimating Temporary Farming Cocolife Asset Management Quality Assurance Part-time Job Packaging and Containers Line-Up Management SW DEV Internship Some Internal Some High School Coursework Internship Sales Marketing Marketing & Other Design Audit Associate Business Supplies and Director Temporary Science Equipment Contract Project Management College Executive Vocational Part-time Contract Aviation & Not Applicable Certification Aerospace Certification Coursework Entry Mid-Senior level Associate Alternative Dispute Resolution Business Director Executive Analyst Professional level Completed Description: Executive Vocational - Degree Internship Entry level Vocational - Training Degree Research Part-time Transportation/Trucking/Railroad,Associate PLANNING AND GENERAL AFFAIRS Legal Requirements: Full-time Quality Assurance Industrial Automation Production Part-time Sutter Medical Group Business Mining & Metals Computer Production Legal Other Services / Bachelor's Degree Software Supplies Executive Temporary and Development Equipment Vocational,Entry level High Environmental Services Internship Financial Analyst Administrative School or equivalent Mid-Senior level Vocational - Degree Biotechnology Benefits: Advertising,1,0,0,Contract,Director,Certification,Pharmaceuticals,AFSSA,General Business,0
17894,Information Technology Technician,"GB, , Bury St Edmunds",,Part-time Content Programming Other Company Internship Internship Hospitality Unspecified Director Profile: Professional Strategy/Planning,Job Data Analyst Meanwood Director Associate Banking Writing/Editing Not Applicable TECH Airlines/Aviation Temporary Temporary Executive Some College Coursework Completed Part-time Executive Mid-Senior level Recon GL Accounting SECURITY Purchasing Distribution Master's Entry level Advertising Degree Computer Part-time Software Director Mid-Senior level Market Research Alternative Dispute Financial Analyst Full-time Research Purchasing Production DA Other Temporary Resolution Full-time Description: Associate Vocational Public Relations and Communications - Vocational Vocational - Degree HS Diploma Entry Temporary level Degree Other Building Computer Hardware Materials Manufacturing Quality IT Support Assurance Individual & Family Services Temporary General Business Sales Public Policy Food Production Master's Degree Master's Degree / Operations Not Leaf Unspecified Technologies Internship Package/Freight Associate Not Strategy/Planning Applicable Degree High Performing Arts School or Voxburner Temporary Human Resources Art/Creative Full-time Bespoke Research equivalent Delivery Contract Security Unspecified and Investigations Applicable Education Education Health Care Provider Associate Furniture Degree Food & Accounting/Auditing Beverages Associate Other Wireless Other Accounting/Auditing Entertainment Project Associate Entry Doctorate EC level Bachelor's Degree Management Director Other Not DA Applicable,Internship Other Business Contract Tech Marketing - Network Temporary Development Part-time Tier Food Production 1 Part-time Technical Computer Hardware Support Requirements: kitchen Some Contract Entry level Food & Beverages High School Religious Institutions Bachelor's Degree Coursework Purchasing,Insurance Benefits: Mid-Senior level SALES The Full-time Customer Medical Devices Contract Service Eleven Engineering Full-time,0,1,0,Other,Mid-Senior level,Vocational - HS Diploma,Publishing,Sales - DE,Public Relations,0
17895,Senior and Junior Flash Games Application Developer,"US, CA, Westlake Village",,Vocational Company Mercaris Some Director Biotechnology High FINANCE Training School Entry level Coursework Design Associate Profile:,"Vocational Full-time - HS Diploma Part-time High School or Mid-Senior level equivalent Public Project Management Sporting Goods Relations Defense & Space Job Bachelor's High School or Leisure, Travel & Tourism equivalent Temporary Degree Consulting Business Medical Practice Full-time Part-time Executive Development CSD Technology Vocational Vocational Market Research - Consulting Public Relations HS Computer Networking Government Entry Community Engagement level Master's Degree Administration Data Analyst Diploma Executive Part-time - Acquisitions Airlines/Aviation and Divesments HS Certification Diploma Some High School Coursework Customer Customer Service Alternative Dispute Training Gambling Gambling & Casinos & Casinos Vocational - HS Diploma Resolution Service Full-time Description: Hab Associate Degree Other Spec Youth Director Health Certification Associate Degree Doctorate Clinic Public Full-time Safety Vocational Internship Art/Creative Business: Support - Bachelor's Degree Warehousing Associate Product Management Some Capital Health Human Resources Care Provider Markets Product Development Contract Team Publishing Mid-Senior Associate Degree High School or equivalent level College Coursework Completed Defense & Space HS Diploma Entry Translation Work Shop IW and Supply Chain Certification Local Sales Localization Consulting level Temporary Entry level Interpreting Service Relations Food & Beverages Engineering SALES Unspecified Real Estate Other Other Part-time CALL CENTER Business Finance Analyst Cosmetics Director Unspecified Full-time",Requirements: Full-time Venture Capital & Contract Private Professional Equity Mining & Office PT Temporary Public Relations Part-time Contract Corporate Technical Operations of Public Other Affairs Metals Client Building Mid-Senior level Entry level Collections/Customer Service Education and Construction,Business Part-time Executive Part-time Part-time Holiday Inn & Suites Newport News VA Some College Coursework Completed Full-time Contract Development Entry level Benefits:,1,1,1,Full-time,Internship,Some High School Coursework,Plastics,Health,Supply Chain,0
17896,UI/UX Lead Designer,"US, MI, Hartford",,Investor Design Part-time Mid-Senior level Director E-Learning Museums and Financial Analyst Institutions Development Company Digital Experience Translation and Localization Profile:,"Some Not Applicable College Full-time Internship Coursework Completed Food Temporary Other Production Writing/Editing Temporary Vocational Other Administrative Job Entry Supply Chain Master's Degree level Food & Beverages IT Services Marketing Some High School Coursework Contract Temporary Some Director Accounting/Auditing Events Services Contract Director High School Associate Internal Audit Degree Advertising Training Coursework ICM Vocational Public Relations Banking - HS Diploma Internship Accounts Data Analyst Live Operations Executive Sales Executive Some Alternative Dispute Resolution High School Coursework Temporary Full-time Finance Other Unspecified Public Telephone Interpreters Full-time Digital Safety Unspecified Data Analyst Investment Camp Lakodia Management Other Associate Associate Full-time High School or equivalent Other Healthcare Other Marketplace Full-time Professional Department Internship Associate Internship Temporary High School Temporary or Purchasing Other Executive Associate Director Contract Training equivalent Health, Wellness and Fitness Certification Retail Alternative Dispute Resolution Sales Business Development Executive medical Design Description: Associate Entry level Full-time Other Other Architecture & Planning Vocational Internship Master's Vocational Degree Some College Coursework Completed",Temporary Client Success Master's High Executive Certification Data Analyst Executive School Contract or equivalent Part-time Plastics Engineering Degree Associate Contract Requirements: Director Strategy/Planning Internship Internship Engineering Academic,Creative Package/Freight Contract CSR CENTER Delivery Health Temporary Professional Care Internship Consumer Goods Provider Not Applicable Benefits:,1,1,1,Other,Not Applicable,Professional,Computer & Network Security,Locaria,Customer Service,0
17897,Contracts Administrator,"US, SC, Clemson",,Command Internet and New Media Central Company Full-time Textiles Profile: Other Education Unspecified 1221 Bachelor's Degree Lower Level Management,Contract Packaging and Containers Full-time Director Higher Education Contract Job Finance Not Sales Gambling & Casinos department Accounting Training Applicable Executive Unspecified Analytics Judge Associate Other & Health Care Provider Full-time UX Part-time Temporary Doctorate Some High Wine Temporary and Unspecified Spirits Accounting School Coursework Writing/Editing Temporary Community Management Full-time Finance Sales Oil ST Associate Vocational General Business Unspecified Master's Degree & Alternative Dispute Entry Nanotechnology Part-time level Certification Resolution Health Engineering Care Translation and Localization Provider Internship Temporary Entry Alternative Dispute Resolution Science level Temporary Mid-Senior level Entry Other level Not Research Applicable Temporary Energy D3215 Architect Sales Contract Temporary Other Bachelor's Degree Art/Creative Digital Doctorate body Piercing Associate Contract Department Executive Certification Mid-Senior level Master's Degree Finance/Securities Temporary Associate Full-time Part-time Bachelor's Degree Manufacturing Contract Consulting Workforce Broadcasting Bachelor's Environmental Director Services Mid-Senior level Museums and Institutions Part-time Doctorate Associate Strategy/Planning Temporary Contract Degree Description:,Other Professional Training & Coaching Associate Requirements: Master's Vocational - Degree Degree Quality Assurance Education CSDC Administrative Executive Field Ops Vocational Engineering - Strategy/Planning Degree High School or General Business equivalent Transportation Art/Creative Master's Degree Vocational,Customer Service Vocational Landlord Executive Children's Nature Institute High School or Research Merchandising Human Resources equivalent Benefits: Internship,0,1,0,Full-time,Not Applicable,Professional,Hospital & Health Care,Developer,Project Management,0
17898,Office Manager / PA,"US, CA, Palo Alto , CA",,Education Industrial Automation Management Entry level Certification Contract Some College Coursework Part-time Completed Other Company Profile: Military Contract,"Health Part-time Biotechnology Care Management Full-time Not Applicable Executive Food Transportation Financial Analyst & Mid-Senior level Beverages Product Design Part-time Contract Management Provider Broadcast Media Associate Telecommunications Part-time Financial Contract Analyst Pet Care Defense & Training Entry level Space Science Writing/Editing Biz Dev Full-time Internship Performing Arts Writing/Editing Project Management High School or Not Applicable Kitchen Staff Executive equivalent Plastics Legal Associate Services Other Capital Markets CUSTOMER Master's Degree Bachelor's Degree Bachelor's Associate Mental Health Full-time Care Degree AFSHAR Entry level X Market Research TEAM Not Vocational - HS Business Strategy Diploma Clarify Kennels Associate Degree Applicable Packaging and Containers Primary/Secondary Education High School or equivalent Part-time Furniture Back-End Development Law Enforcement Job Some High Broadcast Media School Coursework Wireless Religious Director Executive Institutions Master's Degree Fishery Alternative Nanotechnology Dispute Resolution D3215 Associate Office ClearNDA of the QA Manager Health Care Provider Health Care Import Engg. and Export Other BD Master's Associate Degree Degree Provider Doctorate Libraries Internship Search, Internship Temporary Internship Brand Vocational Performance Part-time & Social Purchasing Description: Display Professional",Consulting Marketing and Advertising Certification Plastics Digital Human Temporary Full-time Resources Entry level Unspecified Unspecified Requirements: Industrial Operations Marketing AFS14 Technical Part-time Automation Associate Degree Unspecified Medical coding,Mid-Senior Purchasing Higher Education level Benefits: Associate Degree Motion Pictures and Vocational Contract - High School or equivalent Degree Pharmaceuticals Local Sales Film,0,1,0,Contract,Associate,Professional,Computer Games,Pastoral Support,Manufacturing,0
17899,Junior DevOps Engineer,"US, CA, Santa Rosa",,"Quality Assurance Company Inside Sales Team Profile: Other Temporary Leisure, Engineering Travel Nanotechnology & Lending Tourism Financial Services Consumer Goods",Job Part-time Health Care Provider Not admin Inflight General Business Some College Coursework Completed Applicable Part-time Some Internship U-Verse College Coursework Completed Management Internship Description: Other Production International Trade Production and Mid-Senior level Executive Development Branch Services Director Design Certification Part-time Associate Outsourcing/Offshoring Vocational - Finance SALES Degree Telecommunications Writing/Editing Associate Web Lending Customer Project Management Art/Creative Service/Support Professional Papagou Director High Part-time Master's Degree Marketing School or Associate Degree equivalent GM High School or equivalent Director Part-time Design Design Vocational Master's Degree Other Entry level - HS Diploma Training & Coaching Orlando Full-time Strategy/Planning Temporary Mechanical or Industrial Engineering design Package/Freight Delivery Plastics Contract Part-time Full-time Master's Degree Training Human Research Maritime Contract Purchasing Full-time Resources Sales/Rental non-tech Full-time Part-time Part-time Design Some Vocational - Degree North Star Shipping College Doctorate Coursework Completed Training Temporary IT Some Machinery Mid-Senior level Development Some High School Other Coursework High School Not Applicable Consulting Business Development Part-time Professional Coursework Data Analyst Director Full-time,Accounting/Auditing Supply Chain Insurance Online PR Part-time Full-time Alternative Dispute Resolution Other Systems Requirements: IM Education Management Consulting Temporary service Other Management Civil Engineering Vocational Secretary / Support - Intern HS Diploma,Producer Team Advertising Consulting Benefits: Mid-Senior Vocational - HS Not Applicable Diploma level Design Other Facilities Building Materials Services,0,0,1,Other,Associate,Vocational - HS Diploma,Luxury Goods & Jewelry,KHR,Product Management,0
